Başlık;İçerik;Kelimeler;Betwenness;
C-AJANS;Ajans turizm-tanıtım elçisi olarak çalışmamalı, bunu yapan yapacak başka birimler mevcuttur. Ajansın işi ülke ülke fuar fuar gezmek olmamalıdır.;ajans,turizm,tanıtım,elçi,birim,mevcut,ajans,iş,ülke,ülke,fuar,fuar,gezme,;5,55
C-AJANS;İzmir’in mukayeseli üstünlükleri nedir, bunların geçerliliği var mıdır şeklinde yabancılarla beraber kapsamlı bir analiz çalışması yapılmalı. Bir liman kenti ama bu alanda üstünlüğü var mı mesela, tekrar nasıl kazanabilir?;üstünlük,geçerlilik,analiz,çalışma,yapılma,liman,kent,alan,üstünlük,tekrar,;5,15
C-AJANS;Plan gerçekçi bilgi üzerine inşa edilmelidir. Örn. Göç konusu hakkında hiçbir şey bilmiyoruz, sosyokültürel yapısının tespiti gereklidir.;plan,bilgi,üzerine,inşa,edilme,göç,konu,yapı,tespit,gerek,;4,9
F-İZMİR;Yarımadanın muhafazası gerekir. Buralarda karakterine uygun şekilde teknoloji üretimi, üniversite gelişimleri önceliklendirilmelidir. Çevre ile sorun yaşamayacak konular öne çıkmalıdır. Şehirde de genel olarak bir yeşil alan sorunu var, kentsel yaşam kalitesi için parkların ve yeşil alanların artışı gerekli.;yarımada,muhafaza,bura,karakter,şekil,teknoloji,üretim,üniversite,gelişim,çevre,sorun,yaşama,çıkma,şehir,yeşil alan,sorun,yaşam,kalite,park,yeşil alan,artış,;4,7
B-ÖRNEKLER;Londra Green Enterprise Zone kurmuş;kurma,;3,2
E-İZMİR;Üniversiteler, sanat, kültür/turizm ve tıpta daha ileriye giden bir bölge olmalı.;üniversite,sanat,kültür,turizm,tıp,ileri,bölge,;2,9
C-İZMİR;İzmir’in bir teknoloji ve doğal tedavi merkezi haline getirilmesi ;teknoloji,tedavi,getirilme,;2,7
B-GÜNDEM;Bergama jeopark;jeopark,;2
C-İZMİR;Körfez ve liman İzmir’in en büyük değeri. Sirkülasyon kanalının açılması ve körfezin yüzülebilir olması, limana gemilerin yanaşabilir olması lazım.;körfez,liman,değer,sirkülasyon,kanal,açılma,körfez,yüzme,liman,gemi,;1,95
D-İZMİR;Temiz enerji İzmir’de öne çıkarılmalı, güneşten ziyade rüzgâr olmalı. ;temiz,enerji,çıkarılma,güneş,rüzgar,;1,95
F-AJANS;Körfez taraması limanın özelleşmesinden önce yapılırsa anlamı var yoksa özel sektör o riske giremez. Çünkü çevresel bir konu, davalar olabilir bu da risk demek.;körfez,tarama,liman,özelleşme,anlama,özel sektör,risk,konu,dava,risk,;1,95
D-GÜNDEM;Uluslararası teknopark kurulması. Ana sektörler kimya, petrokimya ve buna ek ilaç sektörü. Üniversitenin bu yoğunlaşmalarla İmir gündeminden uzaklaşması (Değeri 300 milyon TL olan 200 dönüm araziyi İYTE veriyor ve büyük ortak konumunda. Küçük ortak TPE. Eğer kuruşmasında sorun çıkarsa İYTE Teknopark anabölgesi olması için herşey hazır);teknopark,kurulma,ana,sektör,kimya,petrokimya,ek,ilaç,sektör,üniversite,yoğunlaşma,gündem,uzaklaşma,değer,milyon,tl,dönüm,arazi,büyük orta,konum,küçük orta,kuruş,sorun,çıkar,teknopark,;1,9
E-AJANS;Entelektüel nüfusu çekerek İzmir’i güçlendirmek. Eğitim kurumlarına destek, iyi eğitimcileri çekmek, STK’lar ile burs odaklı işbirlikleri (Ege Çağdaş Eğitim Vakfı gibi). Evde öğrenci barındırma da bir örnek. ;nüfus,çeker,güçlendirme,eğitim,kurum,destek,eğitimci,çekme,burs,ege,eğitim,vakıf,ev,öğrenci,barındırma,;1,9
C-İZMİR;Çin İpekyolu’nu canlandırmaya çalışıyor, İzmir en önemli çıkış noktası. Tarihçesi, 2 havaalanı, 3 limanı ile İzmir Dünya ticaret merkezi olma potansiyeline sahiptir.;ipekyolu,canlandırma,çıkış noktası,tarihçe,havaalanı,liman,dünya,ticaret merkezi,potansiyel,sahip,;1,8
F-ÖRNEKLER;Konteyner taşımacılığı (containerization) mucizevi bir buluştur. Öncesinde taşımacılığı gemi kiralayarak veya işleterek çok büyük sermaye sahipleri yapabiliyordu. Mal getirme-götürme işi konteyner taşımacılığı ile çok daha demokratik hale geldi. Artık 3 kişi biraraya gelip bir konteyner doldurup mal getirebiliyor. Son örnek 3. Nesil kave dükkanları. Kendi malzemelerini kendileri getirebiliyorlar. Bu, ticareti de çok büyüttü. Frigofirik konteynerler gıdada değişim yarattı. Ticaret eskiden olmadığı kadar büyüyor. Bu da liman ihtiyacı demek. Aynı zamanda tüketim alışkanlığının değişmesi, tüketimin hiç olmadığı kadar artması da bunda etken.;konteyner,taşımacılık,conta,taşımacılık,gemi,sermaye,sahip,mal,getirme,götürme,iş,konteyner,taşımacılık,hal,kişi,konteyner,mal,örnek,nesil,dükkan,malzeme,ticaret,konteyner,gıda,değişim,ticaret,liman,ihtiyaç,tüketim,alışkanlık,değişme,tüketim,artma,;1,8
B-AJANS;3 ana çalışma alanı: GREEN GROWTH, BLUE GROWTH ve İNOVASYON;ana,çalışma,alan,;1,35
B-AJANS;3 çalışma alanında stratejiler, fizibiliteler, destekler gibi pek çok somut çalışma ortaya çıkar.;çalışma,alan,strateji,fizibilite,destek,somut,çalışma,çıkar,;1,35
D-İZMİR;İzmir’de yabancı öğrenci potansiyeli yüksek, üniversite şehri İzmir olarak tanıtım olmalı. Buna yçönelik de İngilizce bölüm-üniversiteler açılması, konaklama olanaklarının artırılması, eski şehrin görünür hale getirilmesi (İBB binasının yıkımı ile) gerekiyor.;öğrenci,potansiyel,yüksek,üniversite,şehir,tanıtım,ingilizce,bölüm,üniversite,açılma,konaklama,olanak,artırılma,eski,şehir,hal,getirilme,bina,yıkım,;1,3
D-İZMİR;Göç ile gelen nüfus artışı için kentsel altyapının güçlendirilmesi gerekiyor. Çeşme raylı sistem, şehir içi trafik düzenlemeleri, kentsel dönüşüm öncelikli konular olmalı.;göç,nüfus,artış,altyapı,kent,güçlendirilme,çeşme,raylı sistem,şehir,iç,trafik,düzenleme,kentsel dönüşüm,;1,25
F-İZMİR;Geçmişte İzmir’de büyük alanlı ofis yoktu şu anda örnek Mistral binasında kat alanı 950 m2. Şirketler için uygun ofisler var. Üstelik maliyetler İstanbul’a göre çok cazip, benzer ofislerin ¼’ü. Şu anda satış değeri 2.250 $/m2. İzmir doğru tanıtım ve strateji ile İstanbul’dan kaliteli işgücü ve yatırımcı sağlayabilecektir. Çünkü yıllardır büyüyen İstanbul’un artık dengelenmesi gerekiyor.;geçmiş,alan,ofis,yok,örnek,bina,kat,alan,m2,şirket,ofis,üstelik,maliyet,benzer,ofis,satış değeri,m2,doğru,tanıtım,strateji,yatırımcı,dengelenme,;1,25
F-İZMİR;İstanbul’da şirketler ve insanlar arayış içinde ve İzmir’i bu arayışa güçlü bir cevap haline getirmek için şehrin altyapısı ve ulaşımını geliştirmek çok önemli. ;şirket,insan,arayış,arayış,cevap,getirme,şehir,altyapı,ulaşım,geliştirme,;1,25
A-GÜNDEM;YE Kooperatifleri, bununla ilgili mevzuat engelleri (konut dışındakilerin ve mahsup harici satışın kabul edilmemesi);kooperatif,mevzuat,konut,dış,satış,kabul,edilme,;1,15
A-İZMİR;İzmir tarihsel olarak bir liman şehri. “Kökleri bulmak” kent kinliği için gerekli. ;tarih,liman,şehir,kök,bulma,kent,;1,1
C-GÜNDEM;TARKEM 20 yıllık plan dahilinde tarihi alanı canlandırmaya çalışıyor.;yıllık,plan,dahili,tarihi,alan,canlandırma,;1,1
F-İZMİR;Cazip nokta olmakta çevre koruma çok önemli. İzmir’de şehir kültürü ve çevre bilincinin geliştirilmesi gerekiyor. Çeşme, Foça, Urla gibi farklılık sunan değerlerin yaşatılması çok önemlidir. ;nokta,çevre koruma,şehir,kültür,çevre,bilinç,geliştirilme,farklılık,sunma,değer,önem,;1
B-GÜNDEM;İzmir Yeşil Altyapı Stratejisi;yeşil,altyapı,strateji,;0,9
B-İZMİR;Ayrıca İzmir için liman kenti kimliği, körfezi ve sahil şeridi ile Blue Growth dikkate alınmalıdır. Bunun turizm, enerji, su ürünleri boyutları var, Ajans çalışabilir.;liman,kent,kimlik,körfez,sahil şeridi,dikkat,alınma,turizm,enerji,su ürünleri,ajans,;0,9
B-ÖRNEKLER;Çin’in sponge city kavramı, kentin suyu çekmesi;kavram,kent,su,çekme,;0,9
D-AJANS;Mevcut büyük firmaları destekleyecek küçük firmaların çıkarılması. İthal edilken birşeyin startup tarafından üretilmesi;mevcut,firma,firma,çıkarılma,taraf,üretilme,;0,8
B-AJANS;Bilimsel çalışma ve bilgi üretme çok kritik (örn. K.Menderes tarımında dağınık süt üreticileri toprağı nasıl etkiliyor, gelecekte neleri kaybediyoruz?);bilimsel,çalışma,bilgi,üretme,kritik,tarım,süt,üretici,toprak,etki,gelecek,;0,65
F-AJANS;Firmalar için en büyük sorun şu anda finansman boyutunda. Faizler çok yüksek, maliyetler yüksek. İnsan kaynağı için Narlıdere’de meslek okulu kurduk, iyi gidiyor. Meslek okulları bu anlamda önemli.;firma,sorun,finansman,boyut,faiz,yüksek,maliyet,yüksek,insan,kaynak,meslek,okul,meslek,okul,anlam,;0,65
C-İZMİR;İkinci değer kent tarihinde öneme sahip mevcut kaynaklardır, bunların kullanıma sokulması gerekir (Homeros, tarihi merkez, sağlık turizmi için Çeşme, Bergama, Balçova, Şifne, Agamennon…);ikinci,değer,kent,tarihi,önem,sahip,mevcut,kaynak,kullanım,sokulma,tarihi,merkez,sağlık,turizm,;0,5
B-ÖRNEKLER;Sorunları çözmeye odaklanan Solutions Lab örnekleri;sorun,çözme,odak,örnek,;0,45
C-İZMİR;Üçüncü değer İYTE’dir. Uluslararası bir TGB kurulması ve bir teknoloji üniversitesi olarak kurulan İYTE olması yenilikçi yaratıcı İzmir için kullanılmalıdır;değer,kurulma,teknoloji,üniversite,yenilik,kullanılma,;0,45
D-GÜNDEM;Üniversitenin odaklanması. Araştırma üniversitesi olarak 10 yıl boyunca Biyoteknoloji ve nanoteknolojiye odaklanma olacak. 5-6 yılda biyo-nanoda İzmir’in çekirdeğini oluşturmak.;üniversite,odaklanma,araştırma,üniversite,yıl,odaklanma,olacak,yıl,çekirdek,oluşturma,;0,45
E-AJANS;Eğitim kurumlarına desteklerde yenilikçilik önemli, eğitimde yenilik yapanlara destek verilmeli. Urla’da yaşayan George Damon’dan eğitimde neler yapılabileceği öğrenilebilir. ;eğitim,kurum,yenilikçilik,eğitim,yenilik,destek,verilme,eğitim,;0,45
C-İZMİR;Göç konusu İzmir için büyük bir engeldir. Şehrin 1/3’ü İzmirliyim diyemiyor. Murat Güvenç Hoca göç ile ilgili bir çalışma yaptı. İzmir’de göçle gelenler o mahallelerde yerleşik bir doku sergilemiyor, kendilerini kalıcı görmüyor, mecburiyetten duruyorlar.;göç,konu,engel,şehir,hoca,göç,çalışma,göç,mahalle,doku,mecburiyet,;0,4
E-İZMİR;İzmir İstanbul metropolünün kaynak şehri konumunda. İnsanlar gidiyor, bunu geri çevirmek için büyük şeyler yapmak lazım. İzmir bugünkinden daha etkili olabilir. Batı medeniyetlerinin merkezi olarak gerçek bir mega müze yapmak gerekir. Bunun projesi 3 milyon $ kadar tutabilir.;metropol,kaynak,şehir,konum,insan,geri,çevirme,bugün,batı,medeniyet,gerçek,müze,proje,milyon,;0,4
B-GÜNDEM;Doç.Dr. Meneviş UZBAY çağırılabilir, green jobs konusunda.;çağırma,konu,;0,3
B-ÖRNEKLER;AB Blue Growth stratejisi: Denize sahip alanların kullanılması;strateji,deniz,sahip,alan,kullanılma,;0,3
B-ÖRNEKLER;ABD yeşil işler tanımlamaları (çatı tamiri, izolasyon…);yeşil,iş,tanımlama,çatı,tamir,izolasyon,;0,3
E-İZMİR;İzmir koyu bir sanayi şehri olması çok yararlı değil. Kuzeyde Aliağa dumanı örneğin İzmir’e geliyor ve burayı tehdit ediyor. Güneye kurmak da sakıncalı. ;sanayi,şehir,kuzey,duman,bura,güney,kurum,;0,3
A-GÜNDEM;BM Sürdürülebilir Kalkınma Hedefleri (BMSKH) için proje grubu;kalkınma,proje,grup,;0
A-GÜNDEM;Cittaslow şehirleri ile BMSKH işbirlikleri;şehir,;0
A-GÜNDEM;Çocuk meclisi;çocuk,meclis,;0
A-GÜNDEM;Köy pansiyonculuğu önündeki mevzuat engelleri (Köy yer. Alanı içinde 3 odalı pansiyon yapılamaması);köy,pansiyonculuk,mevzuat,köy,yer,alan,odalı,pansiyon,;0
A-GÜNDEM;Mandalinanın değerlendirilmesine yönelik çalışmalar (Celal Bayar Ü. İle efervesan tablet);mandalina,değerlendirilme,çalışma,tablet,;0
A-İZMİR;İstanbul’dan yarımadaya göç İzmir’in ekonomisi ile bir çekim merkezi olmasından ziyade başka dinamiklerden meydana gelen bir kaçış niteliğinde. ;yarımada,göç,ekonomi,çekim,dinamik,meydan,kaçış,nitelik,;0
A-İZMİR;Tarım ürünlerinin sanayi ürünlerine dönüştürülmesi;tarım,ürün,sanayi,ürün,dönüştürülme,;0
A-İZMİR;"Turizmde küçük ölçeği özendirmek; doğal, insani, kültürel, yerel değerleri kullanmak. Agro-turizmi somutlaştırmak.";turizm,ölçek,özendirme,insan,kültür,değer,kullanma,turizm,somutlaştırma,;0
A-İZMİR;Yenilenebilir enerji kooperatifleri ile güneş ve rüzgar enerjisinden faydalanma;yenilenebilir enerji,kooperatif,güneş,rüzgar,enerji,faydalanma,;0
A-AJANS;17 tane BMSKH’nin her birinin incelenmesi, Ajans için yol gösterici olarak alınması ve İzmir’de yerel ölçekte bunlarla ilgili projelerin geliştirilmesi ;tane,incelenme,ajans,yol,gösterici,alınma,ölçek,proje,geliştirilme,;0
A-AJANS;Ajansın bu türden paydaş görüşmeleriyle arayış içinde olması çok değerli;ajans,tür,paydaş,görüşme,arayış,değer,;0
A-AJANS;Enerjide mevzuat engellerinin çözümüne katkı sağlaması;enerji,mevzuat,çözüm,katkı,sağlama,;0
A-AJANS;Liman kenti özelliğini, lojistik sektörünü günümüz yüksek teknolojisi üzerinden nasıl ileri götürebilir ve İzmir nasıl güçlü bir liman kenti olabilir diye bakmalıyız.;liman,kent,özellik,lojistik,sektör,gün,yüksek,teknoloji,üzerinde,ileri,liman,kent,bakma,;0
A-ÖRNEKLER;Toscana bölgesindeki gibi bağlar, butik oteller, deneyimleme öğeleri;bağ,bölge,butik,otel,deneyim,öğe,;0
B-GÜNDEM;Eskişehir’de ekolojik kent, yağmur bahçeleri;kent,yağmur,bahçe,;0
B-GÜNDEM;İklim Değişikliği Modelleme Çalışması;iklim değişikliği,modelleme,çalışma,;0
B-GÜNDEM;Kentsel Yaşam Kalitesi ÖİK;kent,yaşam,kalite,;0
B-GÜNDEM;Şehircilik İnovasyon Merkezi, Çevre ve Şehircilik Bakanlığı istiyor;şehircilik,çevre,şehircilik,bakanlık,;0
B-GÜNDEM;Şehircilik Şurası çalışmaları;şehircilik,çalışma,;0
B-GÜNDEM;Tokyo-Seul teknik gezileri;;0
B-GÜNDEM;Yeşil kuşak ve yönetimi;yeşil kuşak,yönetim,;0
B-İZMİR;20.yy ile beraber “İzmir netwok’ünü kaybeden şehir”.;şehir,;0
B-İZMİR;Akıllı Şehir konusu ve mevcut platformun devamı İzmir için önemlidir. Bu konuda yol alınabilseydi ödül başvurusu olabilirdi.;akıllı şehir,konu,mevcut,platform,devam,önem,konu,yol,ödül,başvuru,;0
B-İZMİR;İzmir Green Growth başkenti olabilir. Bunun için yeşil teknolojiler, yeşil işler, iklim değişikliği planı vs isteniyor.;başkent,yeşil,teknoloji,yeşil,iklim değişikliği,plan,;0
B-İZMİR;İzmir ilkleri yapmalı öncü şehir olmalı;ilk,öncü,şehir,;0
B-İZMİR;Sektörleri birleştirmeliyiz, tarımı ilgili diğer sektörlerden ayrı düşünemeyiz;sektör,birleştirme,tarım,sektör,;0
B-İZMİR;Seul ve Tokyo’daki örneklere göre İzmir bir mega-region değil.;;0
B-İZMİR;Yenilik konusu, yenilik fonunun hayata geçirilmesi. Yeniliğin altının doldurulması, açık yeniliğe geçiş için mevcut yapının lab’lar stratejisiyle desteklenmesi. Şehirde farklı alanlarda farklı fablab veya livinglab’lar olmalı. Büyük merkezler yeni küçük, kente dağılmış ama kullanım çeşitliliği için de odaklanmış lablar;yenilik,konu,yenilik,hayat,geçirilme,yenilik,alt,doldurulma,açık,yenilik,geçiş,mevcut,strateji,desteklenme,şehir,alan,kent,kullanım,çeşitlilik,;0
B-İZMİR;Yeşil Büyüme-Green Growth (doğa esaslı çözümler, örn. Yeşil altyapı) İzmir gündeminde olmalı.;yeşil,büyüme,doğa,çözüm,yeşil,altyapı,gündem,;0
B-AJANS;Ajans misyonu iki dünyayı birleştirme;ajans,misyon,dünya,birleştirme,;0
B-AJANS;Ajansın birleştirici role sahip olması be konuları o şekilde ele alması;ajans,birleştirici,röle,sahip,şekil,;0
B-AJANS;Akıllı şehir platformunun canlandırılması,;akıllı şehir,platform,canlandırılma,;0
B-AJANS;Ar-Ge fonksiyonu için Ajans uygun;fonksiyon,ajans,;0
B-AJANS;Çalışmalarda entegrasyon yaklaşımı gerekir: sektörlerin entegrasyonu, ulaşımın entegrasyonu…;çalışma,entegrasyon,yaklaşım,sektör,entegrasyon,ulaşım,entegrasyon,;0
B-AJANS;İZKA lider olmalı ama liderlik sonrasında yoluna koyup işi paydaşlara bırakmalı;lider,liderlik,yol,iş,paydaş,bırakma,;0
B-AJANS;Labların mekânsal ve sektörel ekosistemin parçası olarak çalışılması;mekan,sektör,ekosistem,parça,çalışılma,;0
B-AJANS;Yenilik fonunun hayata geçirilmesi,;yenilik,fon,hayat,geçirilme,;0
B-ÖRNEKLER;Hollanda örneği: tarımın diğer sektörlerle entegrasyonu (sağlık, ticaret, bakım vs);örnek,tarım,sektör,entegrasyon,sağlık,ticaret,bakım,;0
B-ÖRNEKLER;Seul ve Tokyo örnekleri;;0
B-ÖRNEKLER;Seul yeni kent uygulaması: akıllı kent olarak, iş ve yaşam entegrasyonu;kent,uygulama,akıllı kent,iş,yaşam,entegrasyon,;0
B-ÖRNEKLER;Tokyo Grand Design 2040 belgesi: 20 alan belirlenmiş bunlara yönelik aksiyonlar var;belge,alan,aksiyon,;0
B-ÖRNEKLER;Tokyo kamu-özel işbirliği ile yapılan raylı sistemler ve ulaşım aktarma merkezleri (hub);kamu,özel,iş birliği,raylı sistem,ulaşım aktarma,merkez,;0
C-İZMİR;Akdeniz’de Barselona’dan sonra gelen bir yıldız olabilir.;akdeniz,yıldız,;0
C-İZMİR;Buraya yatırıma hazır ve gönüllü kişiler vardır, bunların Ar-Ge yatırımları etkisiyle İzmir’in Türkiye’nin inovasyon ve tasarım kenti olması;yatırım,gönüllü,kişi,yatırım,etki,tasarım,kent,;0
C-İZMİR;İzmir büyük ölçekli ve uygun maliyetli yer sunamadığından yabancı sermaye büyük yatırım yapamamaktadır;ölçekli,,maliyet,yer,sunma,yabancı,sermaye,yatırım,;0
C-İZMİR;Ulaşım için Çiğli’deki askeri havalimanının sivil amaçlı kullanımı, askeri fonksiyonların Gaziemir’e kaydırılması gerekir.;ulaşım,havaliman,sivil,kullanım,askeri,fonksiyon,kaydırılma,;0
C-İZMİR;Yönetişim anlamında İzmir’in sorunu hükümet, belediye ve stklar (borsa, san.odası, tic.odası) arasında eşgüdüm sorunu.;yönetişim,anlama,sorun,hükümet,belediye,borsa,sorun,;0
C-AJANS;Ajans yabancı için temel birim olursa bunun bir değeri var. İzmir’de tek durak olmak önemli ama bunun için diğer kurumlardan iyi personel gelmesi, onların çalışma saati, maaş, dil vs. uyumunu en baştan sağlamak gerekmektedir.;ajans,temel,birim,olur,değer,tek,durak,kurum,personel,gelme,çalışma saati,maaş,dil,uyum,sağlama,gerekme,;0
C-AJANS;Bu bakış açısı ile sanki bu kentin bir planı yokmuş gibi 2040 için gerçekçi bir plan yapılmalı. Uygulanması sonraki mesele.;bakış açısı,kent,plan,yok,plan,yapılma,uygulanma,mesele,;0
C-AJANS;Enerjide rüzgar ve jeotermal İzmir için önemlidir. Güneş potansiyeli açısından  başka yerler (Muğla ötesi) daha uygun.;enerji,rüzgar,önem,güneş,potansiyel,açı,yer,öte,;0
C-AJANS;Güdümlü proje desteği değerli ama bunu da projeyi İzmir’in ihtiyacına göre Ajansın geliştirmesi aktörlerin gündemine getirmesi şeklinde uygulamak gerekir.;proje,destek,proje,ihtiyaç,ajans,geliştirme,aktör,gündem,getirme,uygulama,;0
C-AJANS;Kalkınma Kurulunun doğru çalışması ve kullanılması gerekir. Planlama süreçlerinde kalkınma kurulu ile doğrudan çalışılmalıdır (sadece sonuç ürünün gösterilmesi değil). İhtisas komisyonları da olabilir.;kalkınma,doğru,çalışma,kullanılma,planlama,süreç,kalkınma,çalışılma,sonuç,ürün,gösterilme,ihtisas,komisyon,;0
C-AJANS;Planlama işlevi Ajansın en temel sorumluluğu (DPT İzmir). Plan yapmak ve bunu izlemek, gerektiğinde ince ayar yapmak. ;planlama,işlev,ajans,temel,sorumluluk,plan,izleme,gerek,ayar,;0
C-AJANS;Süreçlerde katılım gözetilmeli ama 2300 kişiyi kattık demenin çok bir değeri yok. Onun yerine 20-30 akil insandan gerçek fayda almak gerekir.;süreç,katılım,gözetilme,kişi,deme,değer,yok,insan,gerçek,fayda,;0
C-AJANS;Vali, Belediye Başkanı ve STK başkanları (EBSO, İZTO, Borsa, İESOB) arasında eşgüdüm ve yönetişimi sağlamak;vali,belediye başkanı,başkan,borsa,yönetişim,sağlama,;0
C-ÖRNEKLER;Kuşadası’nda Sydney Russied diye biri yaşıyor. Kanada Vancouver’ın plancısı, onunla görüşmek iyi olur.;plancı,görüşme,olur,;0
D-GÜNDEM;10 yılda hedef dünyada ilk 200 arasına girmek. Bunun için lisansüstü programlara ağırlık vermek, sosyal bölümler açmamak, uluslararası seviyede öğretim üyesi almak, ;yıl,hedef,ilk,girme,lisans,ağırlık,verme,sosyal,bölüm,seviye,öğretim üyesi,;0
D-GÜNDEM;Girişimcilerin desteklenmesi, startupların orta seviye şirketler haline getirilmesi.;girişimci,desteklenme,orta,seviye,şirket,getirilme,;0
D-İZMİR;Gıda sektörü de kritik, katma değeri yüksek gıda proseslerinin geliştirilmesi gerekir. ;gıda,sektör,kritik,katma,değer,yüksek,gıda,proses,geliştirilme,;0
D-İZMİR;İzmir Urla civarına nitelikli göç alıyor (üst yöneticiler, büyükelçiler) bu insan kaynağını kullanmak gerekir. ;civar,göç,üst,yönetici,büyükelçi,insan,kaynak,kullanma,;0
D-İZMİR;İzmir-Manisa ilişkisinde İzmir lehine bazı önlemler alınmalı;ilişki,leh,önlem,alınma,;0
D-İZMİR;Kullanılmayan bir tuırizm potansiyeli var, turistlerle anlaşmada İngilizce sorunu önemli.;kullanılma,potansiyel,turist,anlaşma,ingilizce,sorun,;0
D-İZMİR;Nitelikli insanları içine alan bir open university kuırulabilir mi?;nitelik,insan,alan,;0
D-İZMİR;Petrokimya sanayi kuruluşları geliştirilmeli, bunun için büyük firmaların ithal ettiği ürünlerin belirlenmesi ve buralardaki daha küçük firmalarca üretimin teşviki gerekir (örn. Plastik türleri, yeni kimyasal katalizörler gibi);petrokimya,sanayi,kuruluş,geliştirilme,firma,ithal,ürün,belirlenme,bura,firma,üretim,teşvik,plastik,tür,kimyasal,katalizör,;0
D-İZMİR;Üniversiteler platformu şu anda aktif değil tekrar canlandırmak gerekiyor.;üniversite,platform,an,aktif,tekrar,canlandırma,;0
D-AJANS;Hackandbreak, inovasyon merkezi uygulamaları çok faydalı ancak bunlardan kısa vadeli çıktılardan çok uzun vadeli çıktılar beklenmeli.;uygulama,kısa,vade,çıktı,uzun,vade,çıktı,beklenme,;0
D-AJANS;Projelerimn hayta geçirilmesi güzel ama sonrasında balarıya ulaşması zopr oluyor. Bunun için izlemeyi yabancı uzmanlara yaptırmak.;proje,geçirilme,ulaşma,izleme,yabancı,uzman,yaptırma,;0
D-AJANS;Tübitak destekleri ile gelen başvuruda firma olması zorunluluğu gibi, desteklerin multi etkişler yaratcağı önlemler alınması. Yaygın etkisi olan destekler uygulanması.;tübitak,destek,başvuru,firma,zorunluluk,destek,önlem,alınma,etki,uygulanma,;0
D-ÖRNEKLER;Almanya Bavyera Open University kavramı. Örgün eğitim içinde öğrenci %10 OU dersi alabiliyor. ;kavram,örgün eğitim,öğrenci,ders,;0
D-ÖRNEKLER;Smart university, kişisel eğitim.;kişi,eğitim,;0
E-İZMİR;Eğitim de önemli, eğitim konusunda yol almak için büyük uluslararası kuruluşlarla (Harvard vb.) işbirlikleri gerekir. ;eğitim,önem,eğitim,konu,yol,kuruluş,;0
E-İZMİR;İzmir’i haritaya koyacak büyük bir eseri de İzmir’e koymalı. ;harita,koyacak,eser,koyma,;0
E-AJANS;Eğitim şehri olması için Harvard ile Avrupa eğitim sektörü ile işbirlikleri geliştirilmeli. Eğitimcilerin eğitimi şart çünkü sistem ezberci birey oluşturuyor. ;eğitim,şehir,eğitim,sektör,geliştirilme,eğitimci,eğitim,şart,sistem,ezberci,birey oluş,;0
E-AJANS;İzmir’in kalkınma programının merkezine büyük radikal bir eser koyulmalı. Arkeoloji müzesi çok uygun ama halihazırdaki Tekel binaları vs gibi değil, gerçekten büyük, mimarisiyle özgün bir eser. Küçük küçük pek çok yatırım yerine büyük bir yatırım. Gugenheim Museum veya Gateway Arch gibi yapılar. Bunların projesinin dünyanın en radikal mimarlarına yaptırılması gerekiyor. Sonrasında Türk mimarlar yürütebilir.;kalkınma,program,eser,koyulma,arkeoloji,müze,halihazırda,tekel,bina,eser,yatırım,yatırım,proje,dünya,mimar,yaptırılma,mimar,;0
E-AJANS;Kalkınma Kurulu yerel konularda daha çok söz sahibi olmalı. Bunun için KK onayı almadan yerel konularda Belediye ve Hükümet çalışma yapmasa, YK da KK’ya tabi olsa.;kalkınma,söz sahibi,onay,belediye,hüküm,çalışma,;0
E-ÖRNEKLER;George Damon ;;0
E-ÖRNEKLER;Gugenheim Museum veya Gateway Arch;;0
F-İZMİR;Genç yazılımcılar ABD’de kazandıkları para ile Mistral’den ofis aldılar, İzmir’in geleceği bu tip sektörlerde.;yazılım,genç,kazan,para,ofis,gelecek,tip,sektör,;0
F-AJANS;Çandarlı limanı için çizilen vizyon olabilir ama demiryolu altyapısı gerekir, sanayi ile limanın desteklenmesi gerekir. Lojistik önceden tamamen karayolu olarak algılanıyordu. 50-60 km ötesindeki mesafeler için karayolu uygun değil, demiryolu veya denizyolu kullanmak gerekir. Karayolunun çok dezavantajı var (petrol bağımlılığı, altyapı yıpranmaları, kazalar vs.). ;liman,vizyon,demir,altyapı,sanayi,liman,desteklenme,lojistik,kara,km,öte,mesafe,kara,demir,deniz,kullanma,kara,dezavantaj,petrol,bağımlılık,altyapı,yıpranma,kaza,;0
F-AJANS;Çandarlı transit liman olursa da uygun değil çünkü sadece transit taşımacılık bir limanı karşılamaz. Lokal yük liman gelirlerinde daha ağırlıklıdır. Sadece aktarma olursa liman yeterli ilgiyi görmez. Zaten Çandarlı ihalesi de gereken ilgiyi görmedi. Lokal ve aktarımı dengede tutmak gerekir. ;transit,liman,olur,transit,taşımacılık,liman,lokal,yük,liman,gelir,ağırlık,aktarma,olur,liman,ilgi,ihale,gerek,ilgi,görme,lokal,aktarım,denge,tutma,;0
F-AJANS;Her liman hinterlandı ile değerlendirilmelidir. İzmir limanınında demiryolu bağlantısı var, bu çok önemli. Ancak tarama işi yapılmazsa git gide daha az gemi gelebilecek ve bu da liman dışı faaliyetleri daraltacak.;liman,hinterlant,değerlendirilme,liman,demir,bağlantı,tarama,iş,gemi,liman,dış,faaliyet,;0
F-AJANS;İzmir limanını canlı kılan etrafındaki sanayi ve kısa sürede ulaşılabilmesi. Çandarlı’da ise sanayi yok, demiryolu bağlantısı yok ve karayolu bile tartışmalı. Ama yeni limana ihtiyaç duyulacağı kesin, firmalar artıyor, ticaret artıyor.;liman,canlı,etraf,sanayi,kısa,süre,sanayi,yok,demir,bağlantı,yok,kara,liman,ihtiyaç,firma,ticaret,;0
F-AJANS;Kemalpaşa Lojistik Köy için kritik olan şey limanın aktif olması. Liman alüvyondan dolayı yeterince çalışamazsa lojistik köy de sıkıntıya girer.;lojistik,köy,kritik,liman,aktif,liman,alüvyon,lojistik,köy,sıkıntı,;0
F-AJANS;Körfez geçişinde büyük gemiler için yer bırakacaklardır, körfezin su sirkülasyonunu kesmemek önemli. Gemiler 15-16 m açıklıktan geçebiliyor. ;körfez,geçiş,gemi,yer,körfez,su,sirkülasyon,gemi,açıklık,;0
F-AJANS;Körfezde bekleme sorunu var, bunun nedeni yerli altyapı yatırımlarının yapılmaması. Arkas kendi vincini kullanıyor mesela, yeterince vinç vs yatırımı yok. ;körfez,bekleme,sorun,yerli,altyapı,yatırım,yapılma,vinç,vinç,yatırım,yok,;0
F-AJANS;Liman şehirleri her ülkede diğerlerinden farklıdır, İzmir’in farkları da buradan geliyor. İzmir Limanı alüvyon nedeni ile yeni nesil büyük gemilere uygun değil, bunun giderilmesi gerekiyor. Aliağa’daki limanlar da önemli rakipten ziyade tamamlayıcı durumdalar. Tek liman olmak gerekmiyor. ;liman,şehir,ülke,fark,fark,liman,alüvyon,nesil,gemi,giderilme,durum,tek,liman,;0